	mrr_filtered	mean_rank_filtered	auroc	auprc
mt_mlp_benchmark_random_sets_original-mtmetabolismrep0_fold_0	0.006641999443680999	3760.68	0.7917742504409171	0.16559461735042802
mt_mlp_benchmark_random_sets_original-mtmetabolismrep0_fold_1	0.0029751900608306937	3443.1532258064517	0.809664971369634	0.14932040812094186
mt_mlp_benchmark_random_sets_original-mtmetabolismrep0_fold_2	0.0027927540153351053	3223.298387096774	0.8232652843475478	0.164531941144481
mt_mlp_benchmark_random_sets_original-mtmetabolismrep0_fold_3	0.006342544260639177	3476.8548387096776	0.8047320126613793	0.14031170129641127
mt_mlp_benchmark_random_sets_original-mtmetabolismrep1_fold_0	0.013503235140381526	3734.632	0.7933174603174604	0.18521090853807742
mt_mlp_benchmark_random_sets_original-mtmetabolismrep1_fold_1	0.004055145276367666	3333.4193548387098	0.8166500693530604	0.15389587627244308
mt_mlp_benchmark_random_sets_original-mtmetabolismrep1_fold_2	0.004007501494969043	3294.4435483870966	0.8212398193263861	0.17826889989137928
mt_mlp_benchmark_random_sets_original-mtmetabolismrep1_fold_3	0.003204364408713355	3126.5403225806454	0.8240939645054592	0.14324662840103547
mt_mlp_benchmark_random_sets_original-mtmetabolismrep2_fold_0	0.0034143382822396607	3603.344	0.7998112874779543	0.1525848953919348
mt_mlp_benchmark_random_sets_original-mtmetabolismrep2_fold_1	0.003347899793953377	3471.4435483870966	0.8074990219440196	0.14805079640557048
mt_mlp_benchmark_random_sets_original-mtmetabolismrep2_fold_2	0.002727696750262755	3230.6048387096776	0.8244780737632038	0.15074304523773674
mt_mlp_benchmark_random_sets_original-mtmetabolismrep2_fold_3	0.009893525176735734	3036.1290322580644	0.8295408471743073	0.14463753309519106
mt_mlp_benchmark_random_sets_original-mtmetabolismrep3_fold_0	0.007683018093971785	3583.352	0.8005537918871253	0.17228260207547047
mt_mlp_benchmark_random_sets_original-mtmetabolismrep3_fold_1	0.01708281095060578	3491.0	0.8076928548564926	0.1835261668595909
mt_mlp_benchmark_random_sets_original-mtmetabolismrep3_fold_2	0.0014367270310365657	3209.5806451612902	0.8256037272824269	0.14212181927277376
mt_mlp_benchmark_random_sets_original-mtmetabolismrep3_fold_3	0.0016542072824336119	3219.4112903225805	0.8188071273606715	0.1251349804668283
mt_mlp_benchmark_random_sets_random0-mtmetabolismrep0_fold_0	0.0003469127124712217	8501.739837398374	0.5301415103637481	0.028310817582222664
mt_mlp_benchmark_random_sets_random0-mtmetabolismrep0_fold_1	0.00037761683570192416	8424.170731707318	0.5377734293102243	0.029477405647728536
mt_mlp_benchmark_random_sets_random0-mtmetabolismrep0_fold_2	0.00025602498720304857	8183.754098360656	0.547402595056313	0.029263502966934238
mt_mlp_benchmark_random_sets_random0-mtmetabolismrep0_fold_3	0.004364958966888114	8852.196721311475	0.5148867056659814	0.03652203366123592
mt_mlp_benchmark_random_sets_random0-mtmetabolismrep1_fold_0	0.0003077157369428662	8554.943089430893	0.5268514884840274	0.028749957079999753
mt_mlp_benchmark_random_sets_random0-mtmetabolismrep1_fold_1	0.0004344522970348627	8305.203252032521	0.542142205640703	0.030137796413852634
mt_mlp_benchmark_random_sets_random0-mtmetabolismrep1_fold_2	0.0003075823410383258	8420.532786885246	0.5364633956864686	0.028735665560556265
mt_mlp_benchmark_random_sets_random0-mtmetabolismrep1_fold_3	0.0002966936078355922	8465.737704918032	0.5325104694732202	0.029058462249251724
mt_mlp_benchmark_random_sets_random0-mtmetabolismrep2_fold_0	0.00023157350166401168	8436.829268292682	0.5357915315983665	0.028154814930471832
mt_mlp_benchmark_random_sets_random0-mtmetabolismrep2_fold_1	0.00030515649190792114	8677.30894308943	0.5274822552060654	0.02852457893543532
mt_mlp_benchmark_random_sets_random0-mtmetabolismrep2_fold_2	0.00042462613518049846	8159.704918032787	0.5503419967697294	0.030651603924498925
mt_mlp_benchmark_random_sets_random0-mtmetabolismrep2_fold_3	0.0013639740867591084	8723.057377049181	0.5179760584194799	0.0311201226130257
mt_mlp_benchmark_random_sets_random0-mtmetabolismrep3_fold_0	0.0002786235448075461	8325.886178861789	0.540357422529482	0.0285594848894772
mt_mlp_benchmark_random_sets_random0-mtmetabolismrep3_fold_1	0.0004550986239713977	8214.50406504065	0.54991389675854	0.03143989363286006
mt_mlp_benchmark_random_sets_random0-mtmetabolismrep3_fold_2	0.00030654795501359864	8262.38524590164	0.5436032331612208	0.028979401471243164
mt_mlp_benchmark_random_sets_random0-mtmetabolismrep3_fold_3	0.0002811275037825175	8897.991803278688	0.5091054607471537	0.02678170324272909
mt_mlp_benchmark_random_sets_random1-mtmetabolismrep0_fold_0	0.0009672576563009829	8424.5	0.5322215318368025	0.031760560988408654
mt_mlp_benchmark_random_sets_random1-mtmetabolismrep0_fold_1	0.00044524884779601165	8183.122950819672	0.5472566812851765	0.03224767241873748
mt_mlp_benchmark_random_sets_random1-mtmetabolismrep0_fold_2	0.0004472305569778776	8698.934426229509	0.517744510833833	0.02930905782322956
mt_mlp_benchmark_random_sets_random1-mtmetabolismrep0_fold_3	0.00045082169197084777	8228.537190082645	0.5499793251812006	0.03434111400484163
mt_mlp_benchmark_random_sets_random1-mtmetabolismrep1_fold_0	0.00035540790050310575	8464.418032786885	0.529700019507402	0.027995362491448
mt_mlp_benchmark_random_sets_random1-mtmetabolismrep1_fold_1	0.00037860049135920044	8206.803278688525	0.541830733550564	0.029602844157975716
mt_mlp_benchmark_random_sets_random1-mtmetabolismrep1_fold_2	0.00041290857779721684	8488.803278688525	0.5311829433057099	0.030379651662837622
mt_mlp_benchmark_random_sets_random1-mtmetabolismrep1_fold_3	0.0004947728493252436	8095.94214876033	0.5575534129845149	0.035917817752755196
mt_mlp_benchmark_random_sets_random1-mtmetabolismrep2_fold_0	0.0005470456240183209	8295.524590163934	0.5408373010425623	0.02949753165535699
mt_mlp_benchmark_random_sets_random1-mtmetabolismrep2_fold_1	0.0003760726066201142	8003.622950819672	0.5564125165271044	0.03121583794761199
mt_mlp_benchmark_random_sets_random1-mtmetabolismrep2_fold_2	0.00034629235956135204	8657.303278688525	0.5205152844106958	0.028655730147315817
mt_mlp_benchmark_random_sets_random1-mtmetabolismrep2_fold_3	0.0003466562326883686	8197.94214876033	0.5549522111126696	0.033677299481475964
mt_mlp_benchmark_random_sets_random1-mtmetabolismrep3_fold_0	0.0005337467901426117	8209.713114754099	0.5441643968239059	0.03029987135124816
mt_mlp_benchmark_random_sets_random1-mtmetabolismrep3_fold_1	0.00035162940807258544	7903.762295081967	0.561793308238626	0.031160868215170695
mt_mlp_benchmark_random_sets_random1-mtmetabolismrep3_fold_2	0.00028382792368978347	8598.762295081968	0.5248231690135757	0.028415257956220442
mt_mlp_benchmark_random_sets_random1-mtmetabolismrep3_fold_3	0.0004478860232292439	8290.90909090909	0.5428879534115272	0.0317948276080362
mt_mlp_benchmark_random_sets_random2-mtmetabolismrep0_fold_0	0.00044956554016246843	8417.422764227642	0.5363434524801497	0.031432601833467154
mt_mlp_benchmark_random_sets_random2-mtmetabolismrep0_fold_1	0.0006028852674363794	7883.1056910569105	0.5617694440113896	0.03607638748152115
mt_mlp_benchmark_random_sets_random2-mtmetabolismrep0_fold_2	0.0003060503714862014	8161.983739837398	0.5479230392921077	0.030578511050475363
mt_mlp_benchmark_random_sets_random2-mtmetabolismrep0_fold_3	0.00019212232940548369	8859.54918032787	0.5113807210801746	0.025506299906623696
mt_mlp_benchmark_random_sets_random2-mtmetabolismrep1_fold_0	0.0004547566313838338	8493.552845528455	0.5334207805379795	0.03226594936640757
mt_mlp_benchmark_random_sets_random2-mtmetabolismrep1_fold_1	0.000408947054281446	8440.569105691056	0.530277698633279	0.02918677691991331
mt_mlp_benchmark_random_sets_random2-mtmetabolismrep1_fold_2	0.00033476936425286285	8241.073170731708	0.5414576803912188	0.029860916315327883
mt_mlp_benchmark_random_sets_random2-mtmetabolismrep1_fold_3	0.0002810330828432474	8875.598360655738	0.5114819151704397	0.02654960346027733
mt_mlp_benchmark_random_sets_random2-mtmetabolismrep2_fold_0	0.00030968273657883073	8602.967479674797	0.5317703937453746	0.029629517715485377
mt_mlp_benchmark_random_sets_random2-mtmetabolismrep2_fold_1	0.00048226024776889	8394.048780487805	0.5333921093233415	0.02994684517425901
mt_mlp_benchmark_random_sets_random2-mtmetabolismrep2_fold_2	0.0003449599249265721	8331.821138211382	0.5389955398341728	0.029941733468357105
mt_mlp_benchmark_random_sets_random2-mtmetabolismrep2_fold_3	0.00024151505030964066	8621.245901639344	0.5283722930580854	0.028408080012043986
mt_mlp_benchmark_random_sets_random2-mtmetabolismrep3_fold_0	0.0003182190377031958	8464.463414634147	0.5391514395637674	0.031116457785174904
mt_mlp_benchmark_random_sets_random2-mtmetabolismrep3_fold_1	0.0003527507709446329	8476.821138211382	0.5309102573062319	0.029524061205398668
mt_mlp_benchmark_random_sets_random2-mtmetabolismrep3_fold_2	0.0003257666518371809	8294.479674796748	0.5387267471969408	0.030037733772421374
mt_mlp_benchmark_random_sets_random2-mtmetabolismrep3_fold_3	0.00029791459863896444	8666.106557377048	0.5193895105097291	0.027668753464019563
mt_mlp_benchmark_random_sets_original-mtcentraldogmarep0_fold_0	0.008862483249623444	2134.6493506493507	0.8832245650923374	0.19717008428171873
mt_mlp_benchmark_random_sets_original-mtcentraldogmarep0_fold_1	0.0043651542588886965	2562.4805194805194	0.8601041114678472	0.162454211147146
mt_mlp_benchmark_random_sets_original-mtcentraldogmarep0_fold_2	0.001979314785400293	1664.3552631578948	0.905454367973173	0.114982807178991
mt_mlp_benchmark_random_sets_original-mtcentraldogmarep0_fold_3	0.0054483345301007576	2395.7105263157896	0.8686162821410935	0.16102112856062537
mt_mlp_benchmark_random_sets_original-mtcentraldogmarep1_fold_0	0.009261860293969953	1908.5584415584415	0.8940324349445014	0.1983651077851614
mt_mlp_benchmark_random_sets_original-mtcentraldogmarep1_fold_1	0.0011683350967353929	2750.935064935065	0.8528327443884938	0.08394932793099706
mt_mlp_benchmark_random_sets_original-mtcentraldogmarep1_fold_2	0.001832021922364258	1653.8815789473683	0.9060859928568968	0.10916753530468594
mt_mlp_benchmark_random_sets_original-mtcentraldogmarep1_fold_3	0.004428570973691382	2258.3552631578946	0.876158457457193	0.1551952037883593
mt_mlp_benchmark_random_sets_original-mtcentraldogmarep2_fold_0	0.00424425449006363	2362.6103896103896	0.870475585945802	0.11633861665993242
mt_mlp_benchmark_random_sets_original-mtcentraldogmarep2_fold_1	0.004749546349036494	2355.064935064935	0.870792964399772	0.15990495255254356
mt_mlp_benchmark_random_sets_original-mtcentraldogmarep2_fold_2	0.0024494210091041716	1509.75	0.9140387243474167	0.1296275859729394
mt_mlp_benchmark_random_sets_original-mtcentraldogmarep2_fold_3	0.007355235745409444	2122.5526315789475	0.8839159594381985	0.1389828191062189
mt_mlp_benchmark_random_sets_original-mtcentraldogmarep3_fold_0	0.004508598136824525	2123.974025974026	0.8829213553193479	0.1638787081686108
mt_mlp_benchmark_random_sets_original-mtcentraldogmarep3_fold_1	0.005391489634550815	2445.896103896104	0.8676305148048548	0.17337446814522608
mt_mlp_benchmark_random_sets_original-mtcentraldogmarep3_fold_2	0.0019969447589401348	1695.342105263158	0.9031230979477932	0.10994450164326265
mt_mlp_benchmark_random_sets_original-mtcentraldogmarep3_fold_3	0.004510005779089387	2425.9473684210525	0.8672496755744915	0.1488015612804835
mt_mlp_benchmark_random_sets_random0-mtcentraldogmarep0_fold_0	0.000285035006645821	7682.285714285715	0.574233358264772	0.02029967647696504
mt_mlp_benchmark_random_sets_random0-mtcentraldogmarep0_fold_1	0.0006362817395494654	7476.184210526316	0.593311092481367	0.024341419253724794
mt_mlp_benchmark_random_sets_random0-mtcentraldogmarep0_fold_2	0.0012408234292376212	8309.25	0.5452645359853923	0.024652761307051317
mt_mlp_benchmark_random_sets_random0-mtcentraldogmarep0_fold_3	0.00036760389752875193	8767.842105263158	0.52426875064598	0.020481686309611908
mt_mlp_benchmark_random_sets_random0-mtcentraldogmarep1_fold_0	0.00030534607740795864	8085.61038961039	0.5531606264590557	0.019871735182254355
mt_mlp_benchmark_random_sets_random0-mtcentraldogmarep1_fold_1	0.0008718526286508964	7717.328947368421	0.5822720121271978	0.024925469448992568
mt_mlp_benchmark_random_sets_random0-mtcentraldogmarep1_fold_2	0.00032423972583460735	8025.434210526316	0.5629816139738393	0.01985702192822701
mt_mlp_benchmark_random_sets_random0-mtcentraldogmarep1_fold_3	0.00045359454561035326	8798.394736842105	0.5178204347876018	0.02017776308517167
mt_mlp_benchmark_random_sets_random0-mtcentraldogmarep2_fold_0	0.0003044541690346858	7922.896103896104	0.5653628657555358	0.019747294691746558
mt_mlp_benchmark_random_sets_random0-mtcentraldogmarep2_fold_1	0.0004292391777743395	7578.315789473684	0.5827342467011956	0.02164648971983941
mt_mlp_benchmark_random_sets_random0-mtcentraldogmarep2_fold_2	0.00040821322828881265	8456.407894736842	0.5371940925847238	0.019139187289090767
mt_mlp_benchmark_random_sets_random0-mtcentraldogmarep2_fold_3	0.00022751019551855563	8565.513157894737	0.5337890602570139	0.01836293196323443
mt_mlp_benchmark_random_sets_random0-mtcentraldogmarep3_fold_0	0.00041934233682472074	7873.168831168831	0.5682044831259491	0.020850901009759774
mt_mlp_benchmark_random_sets_random0-mtcentraldogmarep3_fold_1	0.004794244338930072	7404.894736842105	0.5894524386462556	0.03520834944642089
mt_mlp_benchmark_random_sets_random0-mtcentraldogmarep3_fold_2	0.0004223383890632807	8174.131578947368	0.5543886445329995	0.01958755796718329
mt_mlp_benchmark_random_sets_random0-mtcentraldogmarep3_fold_3	0.00031083441123485223	8928.236842105263	0.5127760487844092	0.018027335411338705
mt_mlp_benchmark_random_sets_random1-mtcentraldogmarep0_fold_0	0.0005597002737435174	8326.986842105263	0.5480112494977902	0.0205595643601226
mt_mlp_benchmark_random_sets_random1-mtcentraldogmarep0_fold_1	0.0003697839396681933	8129.2	0.5525101803374055	0.019314702013321194
mt_mlp_benchmark_random_sets_random1-mtcentraldogmarep0_fold_2	0.0003315863409081207	8095.026666666667	0.5557475276323444	0.020080263918571983
mt_mlp_benchmark_random_sets_random1-mtcentraldogmarep0_fold_3	0.0004041800238060042	8273.373333333333	0.5470564281559046	0.01867130007841438
mt_mlp_benchmark_random_sets_random1-mtcentraldogmarep1_fold_0	0.0006007539628799648	8556.605263157895	0.5327096366871377	0.02047632920512613
mt_mlp_benchmark_random_sets_random1-mtcentraldogmarep1_fold_1	0.0003171299313979103	8331.453333333333	0.5489470622454915	0.019428075013648988
mt_mlp_benchmark_random_sets_random1-mtcentraldogmarep1_fold_2	0.0003475995064257285	8115.1466666666665	0.5537347294938918	0.018856116395930822
mt_mlp_benchmark_random_sets_random1-mtcentraldogmarep1_fold_3	0.0003811070873179761	8629.213333333333	0.5310180337405468	0.017444601100197514
mt_mlp_benchmark_random_sets_random1-mtcentraldogmarep2_fold_0	0.00035768773247656007	8392.0	0.5431842966194111	0.0186719772576342
mt_mlp_benchmark_random_sets_random1-mtcentraldogmarep2_fold_1	0.0002557234968163508	8182.306666666666	0.5524520069808028	0.01811761984361308
mt_mlp_benchmark_random_sets_random1-mtcentraldogmarep2_fold_2	0.0003827941135935948	8585.84	0.5282111692844678	0.0175241334676327
mt_mlp_benchmark_random_sets_random1-mtcentraldogmarep2_fold_3	0.0003245930850851866	8924.813333333334	0.5116783013379872	0.01662693077314894
mt_mlp_benchmark_random_sets_random1-mtcentraldogmarep3_fold_0	0.0005339828296041414	8246.986842105263	0.5508896286517821	0.021253373968121162
mt_mlp_benchmark_random_sets_random1-mtcentraldogmarep3_fold_1	0.00036325945597026827	7772.533333333334	0.5721349621873182	0.0201295250339298
mt_mlp_benchmark_random_sets_random1-mtcentraldogmarep3_fold_2	0.00039951672891784377	8616.2	0.5281355439208844	0.018535612006450028
mt_mlp_benchmark_random_sets_random1-mtcentraldogmarep3_fold_3	0.0003607969242328569	8813.293333333333	0.5193513670738802	0.016896143419306668
mt_mlp_benchmark_random_sets_random2-mtcentraldogmarep0_fold_0	0.000446471348272399	7676.973684210527	0.5837495407366585	0.023368491772271988
mt_mlp_benchmark_random_sets_random2-mtcentraldogmarep0_fold_1	0.0009212606372616953	9057.144736842105	0.5037257738587306	0.021140304403605925
mt_mlp_benchmark_random_sets_random2-mtcentraldogmarep0_fold_2	0.00030309417026794206	8676.421052631578	0.5194297097455681	0.01854428823616843
mt_mlp_benchmark_random_sets_random2-mtcentraldogmarep0_fold_3	0.0002141212563393853	8485.2	0.5372521637937304	0.016997035127006146
mt_mlp_benchmark_random_sets_random2-mtcentraldogmarep1_fold_0	0.00031200408624123074	7746.644736842105	0.5801385827133279	0.021160309811409417
mt_mlp_benchmark_random_sets_random2-mtcentraldogmarep1_fold_1	0.0017069213536618799	9173.644736842105	0.4932344768990539	0.020873579647861868
mt_mlp_benchmark_random_sets_random2-mtcentraldogmarep1_fold_2	0.0005860482826306083	8530.736842105263	0.5342725268669055	0.020270620235405726
mt_mlp_benchmark_random_sets_random2-mtcentraldogmarep1_fold_3	0.00023878209024113625	8299.493333333334	0.5491570296021528	0.018061112245110564
mt_mlp_benchmark_random_sets_random2-mtcentraldogmarep2_fold_0	0.0005897001626954404	7584.315789473684	0.5866830853311288	0.024157582570379546
mt_mlp_benchmark_random_sets_random2-mtcentraldogmarep2_fold_1	0.0020492120240488344	8725.407894736842	0.5214590796362635	0.02355146657443412
mt_mlp_benchmark_random_sets_random2-mtcentraldogmarep2_fold_2	0.0002555851974486906	8591.736842105263	0.5346944750620006	0.018089595079585456
mt_mlp_benchmark_random_sets_random2-mtcentraldogmarep2_fold_3	0.0002901171611978018	8539.733333333334	0.53645792421267	0.018121121160574773
mt_mlp_benchmark_random_sets_random2-mtcentraldogmarep3_fold_0	0.0003852390589131462	7669.736842105263	0.5827133278221732	0.021879676947941115
mt_mlp_benchmark_random_sets_random2-mtcentraldogmarep3_fold_1	0.003838794849121632	8715.0	0.5221766786075136	0.02391358740287946
mt_mlp_benchmark_random_sets_random2-mtcentraldogmarep3_fold_2	0.0003604427197421011	8731.342105263158	0.5269702397354643	0.01939235040959829
mt_mlp_benchmark_random_sets_random2-mtcentraldogmarep3_fold_3	0.0013305294131089435	8521.76	0.5360768055858608	0.022086294011364735
mt_mlp_benchmark_random_sets_original-mtdynamicsrep0_fold_0	0.0011062631507499498	4642.52	0.7448284789644012	0.01667189878349364
mt_mlp_benchmark_random_sets_original-mtdynamicsrep0_fold_1	0.0021922493677274447	5509.36	0.7108090614886732	0.019426881626130085
mt_mlp_benchmark_random_sets_original-mtdynamicsrep0_fold_2	0.002366724598900872	3617.52	0.8025722917565818	0.0323296649703981
mt_mlp_benchmark_random_sets_original-mtdynamicsrep0_fold_3	0.001706270748968438	4492.04	0.7575744497194649	0.022691758689852636
mt_mlp_benchmark_random_sets_original-mtdynamicsrep1_fold_0	0.0005809496587655227	4836.12	0.7330658036677454	0.01361808653784463
mt_mlp_benchmark_random_sets_original-mtdynamicsrep1_fold_1	0.0013778226717256553	5070.88	0.7355426105717369	0.01693283043576383
mt_mlp_benchmark_random_sets_original-mtdynamicsrep1_fold_2	0.0024399735059397617	3633.96	0.8016400517911092	0.03453312890726751
mt_mlp_benchmark_random_sets_original-mtdynamicsrep1_fold_3	0.0022125661509795804	5069.56	0.7266292619766941	0.022764168621797077
mt_mlp_benchmark_random_sets_original-mtdynamicsrep2_fold_0	0.0016737202706280886	4625.04	0.7458122977346278	0.02277275424810182
mt_mlp_benchmark_random_sets_original-mtdynamicsrep2_fold_1	0.0006547414388784547	5727.8	0.6955857605177993	0.013064639965740603
mt_mlp_benchmark_random_sets_original-mtdynamicsrep2_fold_2	0.0015206619563707374	3969.96	0.7840656020716443	0.027809462051436307
mt_mlp_benchmark_random_sets_original-mtdynamicsrep2_fold_3	0.0011760039371273652	4695.2	0.7477255071212776	0.01861416144351861
mt_mlp_benchmark_random_sets_original-mtdynamicsrep3_fold_0	0.002069538697867478	4393.96	0.7578511326860842	0.02694174375178952
mt_mlp_benchmark_random_sets_original-mtdynamicsrep3_fold_1	0.0007613024368794358	5715.0	0.7009536138079828	0.012655102228124646
mt_mlp_benchmark_random_sets_original-mtdynamicsrep3_fold_2	0.003274467865404119	3773.68	0.7948208890807078	0.04127713757077198
mt_mlp_benchmark_random_sets_original-mtdynamicsrep3_fold_3	0.0024458338756181215	4314.24	0.7654294346137247	0.03236125708263077
mt_mlp_benchmark_random_sets_random0-mtdynamicsrep0_fold_0	0.0005199681514452961	7334.48	0.5985156418554477	0.008252323855881632
mt_mlp_benchmark_random_sets_random0-mtdynamicsrep0_fold_1	0.0003293082114274516	7438.44	0.5987141316073354	0.008122893893399893
mt_mlp_benchmark_random_sets_random0-mtdynamicsrep0_fold_2	0.00039937913693683074	7926.32	0.5722286947141316	0.007263976057206081
mt_mlp_benchmark_random_sets_random0-mtdynamicsrep0_fold_3	0.0002772753798781082	7328.708333333333	0.6007678751258811	0.006857885377418549
mt_mlp_benchmark_random_sets_random0-mtdynamicsrep1_fold_0	0.00026633155424818806	7373.36	0.5975059331175836	0.007751158286661938
mt_mlp_benchmark_random_sets_random0-mtdynamicsrep1_fold_1	0.00029410335893222594	7477.16	0.5959266450916937	0.007968729412603464
mt_mlp_benchmark_random_sets_random0-mtdynamicsrep1_fold_2	0.00041822340642299553	8092.88	0.5651866235167207	0.007285208454257472
mt_mlp_benchmark_random_sets_random0-mtdynamicsrep1_fold_3	0.0003234089282288139	7278.791666666667	0.6011635016544382	0.007439332378122655
mt_mlp_benchmark_random_sets_random0-mtdynamicsrep2_fold_0	0.0005218156071182089	7961.16	0.5694757281553399	0.00804538761320323
mt_mlp_benchmark_random_sets_random0-mtdynamicsrep2_fold_1	0.0008818344023182992	7591.84	0.58880690399137	0.010659375328038092
mt_mlp_benchmark_random_sets_random0-mtdynamicsrep2_fold_2	0.0003872436145850415	8339.28	0.5542265372168286	0.0069966992476106285
mt_mlp_benchmark_random_sets_random0-mtdynamicsrep2_fold_3	0.0002991774254323927	7463.375	0.5929722342109048	0.007066656802296154
mt_mlp_benchmark_random_sets_random0-mtdynamicsrep3_fold_0	0.0008650196096107236	6835.04	0.6278576051779935	0.010632796455024076
mt_mlp_benchmark_random_sets_random0-mtdynamicsrep3_fold_1	0.0011500180000750247	7029.0	0.6195900755124056	0.011521246317507004
mt_mlp_benchmark_random_sets_random0-mtdynamicsrep3_fold_2	0.00038713829627869773	8175.52	0.5632966558791802	0.007064014364032727
mt_mlp_benchmark_random_sets_random0-mtdynamicsrep3_fold_3	0.0002978887343931521	7961.625	0.5658088764206588	0.006542117012971652
mt_mlp_benchmark_random_sets_random1-mtdynamicsrep0_fold_0	0.0004100640262107165	8513.36	0.5401941747572815	0.008154674908911716
mt_mlp_benchmark_random_sets_random1-mtdynamicsrep0_fold_1	0.0003544415913651098	7847.28	0.5768845738942826	0.008536311972800307
mt_mlp_benchmark_random_sets_random1-mtdynamicsrep0_fold_2	0.00035856036379392555	8277.96	0.5531204143288735	0.007080099162599272
mt_mlp_benchmark_random_sets_random1-mtdynamicsrep0_fold_3	0.00042827742710300034	9927.24	0.4644281398359948	0.0062492494516552585
mt_mlp_benchmark_random_sets_random1-mtdynamicsrep1_fold_0	0.0006562661328786964	7944.04	0.571797195253506	0.010270333397338146
mt_mlp_benchmark_random_sets_random1-mtdynamicsrep1_fold_1	0.0002970381143131891	8295.88	0.5516418554476806	0.006895386074550631
mt_mlp_benchmark_random_sets_random1-mtdynamicsrep1_fold_2	0.00039368645268172064	8504.16	0.5418817436340094	0.006961798771444723
mt_mlp_benchmark_random_sets_random1-mtdynamicsrep1_fold_3	0.000576733765808131	8101.76	0.556797583081571	0.008291189986373003
mt_mlp_benchmark_random_sets_random1-mtdynamicsrep2_fold_0	0.0009515297287827737	8089.64	0.5639611650485437	0.011669955461770926
mt_mlp_benchmark_random_sets_random1-mtdynamicsrep2_fold_1	0.00043356698333149493	8311.2	0.5496224379719525	0.008699671596244542
mt_mlp_benchmark_random_sets_random1-mtdynamicsrep2_fold_2	0.0003844697909380867	8025.04	0.5672939145446699	0.007562789887355583
mt_mlp_benchmark_random_sets_random1-mtdynamicsrep2_fold_3	0.0004432079415147801	7266.96	0.6008286577470868	0.008660191204217647
mt_mlp_benchmark_random_sets_random1-mtdynamicsrep3_fold_0	0.0007120106981885621	9244.88	0.5011348435814456	0.010477936302643074
mt_mlp_benchmark_random_sets_random1-mtdynamicsrep3_fold_1	0.0003667939298373656	8132.48	0.5609795037756203	0.007760344097805119
mt_mlp_benchmark_random_sets_random1-mtdynamicsrep3_fold_2	0.001042735632298738	7598.56	0.5894087181700474	0.010061078686381276
mt_mlp_benchmark_random_sets_random1-mtdynamicsrep3_fold_3	0.0003539820070673895	7637.56	0.5813724643936125	0.0076721541790178635
mt_mlp_benchmark_random_sets_random2-mtdynamicsrep0_fold_0	0.0002765260519397255	7260.6	0.6086817691477886	0.007695683527272736
mt_mlp_benchmark_random_sets_random2-mtdynamicsrep0_fold_1	0.00045730401729432717	7696.44	0.5869859762675297	0.00785803106760851
mt_mlp_benchmark_random_sets_random2-mtdynamicsrep0_fold_2	0.0008232021888408558	6615.68	0.6419766940008632	0.012293789269573035
mt_mlp_benchmark_random_sets_random2-mtdynamicsrep0_fold_3	0.0005377243448264479	6584.6	0.6455675442382391	0.00980426520750383
mt_mlp_benchmark_random_sets_random2-mtdynamicsrep1_fold_0	0.00046302028358818806	7253.16	0.6042977346278318	0.007735450505588907
mt_mlp_benchmark_random_sets_random2-mtdynamicsrep1_fold_1	0.0003221252686142259	8131.48	0.5603451995685006	0.007652278090337613
mt_mlp_benchmark_random_sets_random2-mtdynamicsrep1_fold_2	0.0010151549162459683	6601.56	0.6423823910228744	0.012914401639549739
mt_mlp_benchmark_random_sets_random2-mtdynamicsrep1_fold_3	0.0004417181770384944	6725.72	0.6401726370306431	0.00927220584094706
mt_mlp_benchmark_random_sets_random2-mtdynamicsrep2_fold_0	0.0008445345921826096	7094.76	0.6117108953613808	0.010052528727865327
mt_mlp_benchmark_random_sets_random2-mtdynamicsrep2_fold_1	0.00041289193284123815	7975.72	0.5653592233009709	0.007753283383928008
mt_mlp_benchmark_random_sets_random2-mtdynamicsrep2_fold_2	0.0007171073655579812	6279.8	0.657531290461804	0.011691006083276499
mt_mlp_benchmark_random_sets_random2-mtdynamicsrep2_fold_3	0.00041169610610854965	7413.52	0.6016918429003022	0.008190238115702249
mt_mlp_benchmark_random_sets_random2-mtdynamicsrep3_fold_0	0.00023808928309263303	7306.28	0.607413160733549	0.007510791806647928
mt_mlp_benchmark_random_sets_random2-mtdynamicsrep3_fold_1	0.00025730626219180495	8216.0	0.5594476806903991	0.007012702424682709
mt_mlp_benchmark_random_sets_random2-mtdynamicsrep3_fold_2	0.0003490571096025959	6611.72	0.6409753992231333	0.008829247368720542
mt_mlp_benchmark_random_sets_random2-mtdynamicsrep3_fold_3	0.0005288475910039582	6935.12	0.6264393612429866	0.010071225775624224
mt_mlp_benchmark_random_sets_original-mtoxphosrep0_fold_0	0.019665311160445325	2907.6375838926174	0.8388294683093824	0.25064272339625937
mt_mlp_benchmark_random_sets_original-mtoxphosrep0_fold_1	0.03764580785230024	2759.1342281879197	0.8445053776079056	0.2796441804766815
mt_mlp_benchmark_random_sets_original-mtoxphosrep0_fold_2	0.07156934806324057	2292.06711409396	0.8735888926918555	0.37980729546743214
mt_mlp_benchmark_random_sets_original-mtoxphosrep0_fold_3	0.022754081167367508	2657.8053691275168	0.8535022842601823	0.324746492326076
mt_mlp_benchmark_random_sets_original-mtoxphosrep1_fold_0	0.03447384634496829	2831.6711409395975	0.842388256000619	0.29683966638123244
mt_mlp_benchmark_random_sets_original-mtoxphosrep1_fold_1	0.03670592065617691	2491.751677852349	0.8579088551623995	0.2618317606944112
mt_mlp_benchmark_random_sets_original-mtoxphosrep1_fold_2	0.05163877354143026	2229.9463087248323	0.8768047143558684	0.37689194077502725
mt_mlp_benchmark_random_sets_original-mtoxphosrep1_fold_3	0.026283035865194974	2664.7248322147652	0.853667465289662	0.348539520745427
mt_mlp_benchmark_random_sets_original-mtoxphosrep2_fold_0	0.024380467064150663	2770.6577181208054	0.846506451790478	0.2638508895251923
mt_mlp_benchmark_random_sets_original-mtoxphosrep2_fold_1	0.03828114109118709	2625.6241610738257	0.8509876677294428	0.29002891925066454
mt_mlp_benchmark_random_sets_original-mtoxphosrep2_fold_2	0.06266678591564408	2331.4765100671143	0.8715799342252116	0.3941702075779188
mt_mlp_benchmark_random_sets_original-mtoxphosrep2_fold_3	0.020286988460157942	2657.7651006711408	0.8528921561332756	0.3215111355393511
mt_mlp_benchmark_random_sets_original-mtoxphosrep3_fold_0	0.032454652244888756	3051.577181208054	0.8306124179671169	0.31110482023211444
mt_mlp_benchmark_random_sets_original-mtoxphosrep3_fold_1	0.03727500188366774	2687.55033557047	0.8471060301515013	0.2706324439169475
mt_mlp_benchmark_random_sets_original-mtoxphosrep3_fold_2	0.08419382685640563	2193.993288590604	0.8784922394678493	0.3890871649173464
mt_mlp_benchmark_random_sets_original-mtoxphosrep3_fold_3	0.026976421079350527	2593.7919463087246	0.8561898242533371	0.34025364737828473
mt_mlp_benchmark_random_sets_random0-mtoxphosrep0_fold_0	0.00030628985809236253	8460.506756756757	0.5285155501245927	0.033536715427277784
mt_mlp_benchmark_random_sets_random0-mtoxphosrep0_fold_1	0.0005315666050431632	8203.628378378378	0.5447170907609737	0.040071272329995786
mt_mlp_benchmark_random_sets_random0-mtoxphosrep0_fold_2	0.000345458265965575	8269.557823129251	0.5362932407005355	0.03437474073845806
mt_mlp_benchmark_random_sets_random0-mtoxphosrep0_fold_3	0.0004998662916382735	8734.591836734693	0.5118233463598205	0.03447041611039369
mt_mlp_benchmark_random_sets_random0-mtoxphosrep1_fold_0	0.0003647364333819696	8030.864864864865	0.5523468947671075	0.037836378111047966
mt_mlp_benchmark_random_sets_random0-mtoxphosrep1_fold_1	0.0004908412530157121	8406.675675675675	0.5335262123825953	0.03521099180631543
mt_mlp_benchmark_random_sets_random0-mtoxphosrep1_fold_2	0.0018412431845649428	8464.517006802722	0.5250096492497709	0.03747718167555999
mt_mlp_benchmark_random_sets_random0-mtoxphosrep1_fold_3	0.0009309557173388291	9013.591836734693	0.49738867178076906	0.03543191309880954
mt_mlp_benchmark_random_sets_random0-mtoxphosrep2_fold_0	0.00029654255620823074	8472.797297297297	0.5247942423806786	0.033604714614505954
mt_mlp_benchmark_random_sets_random0-mtoxphosrep2_fold_1	0.0004020090148770519	8591.702702702703	0.5252614649223692	0.03491588888164804
mt_mlp_benchmark_random_sets_random0-mtoxphosrep2_fold_2	0.0005824922177283458	8125.0	0.5445026414821248	0.036807635547194115
mt_mlp_benchmark_random_sets_random0-mtoxphosrep2_fold_3	0.00038710489946169305	8757.00680272109	0.513133533555266	0.033238556115059215
mt_mlp_benchmark_random_sets_random0-mtoxphosrep3_fold_0	0.0007350020346043633	8549.432432432432	0.5305072359593637	0.03643909114647337
mt_mlp_benchmark_random_sets_random0-mtoxphosrep3_fold_1	0.0004839505084313979	8462.054054054053	0.5310313638106191	0.036976850379362235
mt_mlp_benchmark_random_sets_random0-mtoxphosrep3_fold_2	0.0018952457367719991	8071.0952380952385	0.545030334828967	0.04548463178655126
mt_mlp_benchmark_random_sets_random0-mtoxphosrep3_fold_3	0.00030449494615767173	8674.455782312925	0.5164715708978627	0.03451142165532969
mt_mlp_benchmark_random_sets_random1-mtoxphosrep0_fold_0	0.0005647706125881842	8505.414965986394	0.5272779470671742	0.03777895051675924
mt_mlp_benchmark_random_sets_random1-mtoxphosrep0_fold_1	0.0002457266574074151	8811.082191780823	0.516940406557616	0.03147061462838367
mt_mlp_benchmark_random_sets_random1-mtoxphosrep0_fold_2	0.00037532800792989363	8386.486301369863	0.5296677179168855	0.034966481382517255
mt_mlp_benchmark_random_sets_random1-mtoxphosrep0_fold_3	0.00040137144807208077	8040.287671232877	0.5519579661798943	0.03692152305226336
mt_mlp_benchmark_random_sets_random1-mtoxphosrep1_fold_0	0.0003837436883266445	8280.421768707483	0.5386605240235216	0.036928994051825266
mt_mlp_benchmark_random_sets_random1-mtoxphosrep1_fold_1	0.0010689353405641537	8732.801369863013	0.5197830316680275	0.03356044728708635
mt_mlp_benchmark_random_sets_random1-mtoxphosrep1_fold_2	0.0003517183143647544	8649.931506849314	0.526776526867588	0.034309684251536965
mt_mlp_benchmark_random_sets_random1-mtoxphosrep1_fold_3	0.001135654490990541	8206.32191780822	0.5427410615907167	0.039167769413801484
mt_mlp_benchmark_random_sets_random1-mtoxphosrep2_fold_0	0.0004044969703726492	8420.707482993197	0.5272839751762468	0.037549238714006436
mt_mlp_benchmark_random_sets_random1-mtoxphosrep2_fold_1	0.0005383656018407434	8879.815068493152	0.5121779091756236	0.03424369681308319
mt_mlp_benchmark_random_sets_random1-mtoxphosrep2_fold_2	0.0003990589737677648	8429.315068493152	0.5345971607137978	0.034246308269960044
mt_mlp_benchmark_random_sets_random1-mtoxphosrep2_fold_3	0.0003403887526664898	8472.445205479453	0.5292700842922576	0.03428111070511766
mt_mlp_benchmark_random_sets_random1-mtoxphosrep3_fold_0	0.0002907233958176097	8228.897959183674	0.5444294244060052	0.03572430026226132
mt_mlp_benchmark_random_sets_random1-mtoxphosrep3_fold_1	0.0003144273458581956	8460.390410958904	0.5346442089670935	0.033365303628503755
mt_mlp_benchmark_random_sets_random1-mtoxphosrep3_fold_2	0.0003703601426972296	8753.109589041096	0.5155760072120419	0.03208958303420954
mt_mlp_benchmark_random_sets_random1-mtoxphosrep3_fold_3	0.0003340654916115248	8505.534246575342	0.5260844622384648	0.034850136885707046
mt_mlp_benchmark_random_sets_random2-mtoxphosrep0_fold_0	0.00041979858768533744	8640.414965986394	0.5171726124529138	0.03482437157170487
mt_mlp_benchmark_random_sets_random2-mtoxphosrep0_fold_1	0.00040027688798759944	8273.625850340137	0.5461606756595836	0.037338842715408285
mt_mlp_benchmark_random_sets_random2-mtoxphosrep0_fold_2	0.0005648773727618888	9199.705479452055	0.4921687423546588	0.03453940321479533
mt_mlp_benchmark_random_sets_random2-mtoxphosrep0_fold_3	0.0005049633787288126	8540.280821917808	0.5302262262140726	0.035060341729886535
mt_mlp_benchmark_random_sets_random2-mtoxphosrep1_fold_0	0.0005825232436841005	8736.836734693878	0.5130183249900891	0.03411414688083518
mt_mlp_benchmark_random_sets_random2-mtoxphosrep1_fold_1	0.00035944103707655033	8584.448979591836	0.5219509474518812	0.0347476123183081
mt_mlp_benchmark_random_sets_random2-mtoxphosrep1_fold_2	0.0006947455398945678	9008.376712328767	0.5032493648485805	0.03602895997226831
mt_mlp_benchmark_random_sets_random2-mtoxphosrep1_fold_3	0.0004900849862566697	8191.287671232877	0.5463835070071543	0.03877528448496756
mt_mlp_benchmark_random_sets_random2-mtoxphosrep2_fold_0	0.00032113407525228524	8505.945578231293	0.5225569066536431	0.033138066182660283
mt_mlp_benchmark_random_sets_random2-mtoxphosrep2_fold_1	0.00038433320837363166	8498.204081632653	0.5292269799566182	0.034519812216095555
mt_mlp_benchmark_random_sets_random2-mtoxphosrep2_fold_2	0.00024720392728595997	9169.780821917808	0.4936788395168904	0.030335086990078693
mt_mlp_benchmark_random_sets_random2-mtoxphosrep2_fold_3	0.00031848771303233283	8652.5	0.5203961766464612	0.03473501376449497
mt_mlp_benchmark_random_sets_random2-mtoxphosrep3_fold_0	0.0006459169829373285	8522.795918367347	0.5238863992306428	0.03406073255180968
mt_mlp_benchmark_random_sets_random2-mtoxphosrep3_fold_1	0.0002957372633229242	8867.78231292517	0.5042183503137573	0.032519593056523216
mt_mlp_benchmark_random_sets_random2-mtoxphosrep3_fold_2	0.001394658595126815	8980.308219178081	0.50624072314683	0.034912434154992164
mt_mlp_benchmark_random_sets_random2-mtoxphosrep3_fold_3	0.00034044140988829266	8613.445205479453	0.5223008720621402	0.03437369099521473
mt_mlp_benchmark_random_sets_original-mtproteinimportrep0_fold_0	0.06595871130127506	1271.5	0.9300443995539003	0.3633292332637323
mt_mlp_benchmark_random_sets_original-mtproteinimportrep0_fold_1	0.06598911948590616	2169.344262295082	0.8803399910153381	0.29815822839378175
mt_mlp_benchmark_random_sets_original-mtproteinimportrep0_fold_2	0.02578270846432648	2029.8196721311476	0.8885331469847901	0.2108674802268146
mt_mlp_benchmark_random_sets_original-mtproteinimportrep0_fold_3	0.1245497120294554	1402.5737704918033	0.9257481870235811	0.4262555623528009
mt_mlp_benchmark_random_sets_original-mtproteinimportrep1_fold_0	0.057493316286827606	1293.9193548387098	0.9284592022108593	0.29646536130944273
mt_mlp_benchmark_random_sets_original-mtproteinimportrep1_fold_1	0.057849580483753583	2130.901639344262	0.8839909012471566	0.26616508900434366
mt_mlp_benchmark_random_sets_original-mtproteinimportrep1_fold_2	0.0251407132856061	2186.8196721311474	0.8802294654126172	0.2095035748097741
mt_mlp_benchmark_random_sets_original-mtproteinimportrep1_fold_3	0.12833138320669094	1360.2295081967213	0.9293028330207718	0.38179293397682734
mt_mlp_benchmark_random_sets_original-mtproteinimportrep2_fold_0	0.056891490796822035	1244.8064516129032	0.9318295001017053	0.301737723848521
mt_mlp_benchmark_random_sets_original-mtproteinimportrep2_fold_1	0.059614526039932524	1994.8524590163934	0.8903942555209322	0.27381606067672304
mt_mlp_benchmark_random_sets_original-mtproteinimportrep2_fold_2	0.022530806101336304	2173.7049180327867	0.8812527185732927	0.1947745930041668
mt_mlp_benchmark_random_sets_original-mtproteinimportrep2_fold_3	0.16563155454815767	1380.9344262295083	0.9261261132780467	0.43661344153406656
mt_mlp_benchmark_random_sets_original-mtproteinimportrep3_fold_0	0.07074923156209117	1239.7096774193549	0.9318575566918476	0.36099962693221105
mt_mlp_benchmark_random_sets_original-mtproteinimportrep3_fold_1	0.05520789590682611	1933.72131147541	0.8947368421052632	0.23588358203019624
mt_mlp_benchmark_random_sets_original-mtproteinimportrep3_fold_2	0.03805136828823677	1992.1639344262296	0.8908327925897932	0.2510281291282983
mt_mlp_benchmark_random_sets_original-mtproteinimportrep3_fold_3	0.12411711411980585	1586.344262295082	0.9158721896191502	0.4244987810912455
mt_mlp_benchmark_random_sets_random0-mtproteinimportrep0_fold_0	0.00026577659460600317	7944.6612903225805	0.5699976853313132	0.016168870654100616
mt_mlp_benchmark_random_sets_random0-mtproteinimportrep0_fold_1	0.00033680570483050405	8924.508196721312	0.5144752886144367	0.014630899870064131
mt_mlp_benchmark_random_sets_random0-mtproteinimportrep0_fold_2	0.0007930285668338367	7500.6557377049185	0.5918253838090688	0.020914511503090503
mt_mlp_benchmark_random_sets_random0-mtproteinimportrep0_fold_3	0.00035615640379236727	8084.983606557377	0.5628569798700789	0.01605745963396408
mt_mlp_benchmark_random_sets_random0-mtproteinimportrep1_fold_0	0.0002676340009135187	8318.822580645161	0.5455077892108382	0.015023885235154152
mt_mlp_benchmark_random_sets_random0-mtproteinimportrep1_fold_1	0.0006606753602055754	8594.72131147541	0.5382133358053038	0.017776756464861897
mt_mlp_benchmark_random_sets_random0-mtproteinimportrep1_fold_2	0.0005805783334878522	8156.901639344263	0.5590598906153067	0.017779400232597508
mt_mlp_benchmark_random_sets_random0-mtproteinimportrep1_fold_3	0.0011307403991970514	8580.524590163934	0.5388123132652115	0.017275649325822685
mt_mlp_benchmark_random_sets_random0-mtproteinimportrep2_fold_0	0.00038755071849303423	7682.048387096775	0.5829072238705469	0.01784557746370869
mt_mlp_benchmark_random_sets_random0-mtproteinimportrep2_fold_1	0.00058352758851799	7909.754098360656	0.5652921084719658	0.020630030128286986
mt_mlp_benchmark_random_sets_random0-mtproteinimportrep2_fold_2	0.0003505843593623037	7222.786885245901	0.602211225122826	0.01878208963647472
mt_mlp_benchmark_random_sets_random0-mtproteinimportrep2_fold_3	0.0003802895553134173	8457.377049180328	0.5427912349631699	0.01624883144779686
mt_mlp_benchmark_random_sets_random0-mtproteinimportrep3_fold_0	0.0007265483598802124	7921.032258064516	0.572354438903268	0.018462196283391866
mt_mlp_benchmark_random_sets_random0-mtproteinimportrep3_fold_1	0.0009415937413448543	8830.540983606557	0.5208715122041658	0.018299412812030527
mt_mlp_benchmark_random_sets_random0-mtproteinimportrep3_fold_2	0.00035817518764195576	7975.049180327869	0.5678163706244339	0.01663429704131412
mt_mlp_benchmark_random_sets_random0-mtproteinimportrep3_fold_3	0.0003525157627067681	8331.72131147541	0.5500894900847838	0.015812894540022788
mt_mlp_benchmark_random_sets_random1-mtproteinimportrep0_fold_0	0.0003650912726534885	9447.951612903225	0.48690107947730576	0.013504997954669593
mt_mlp_benchmark_random_sets_random1-mtproteinimportrep0_fold_1	0.0002883687338158933	8541.459016393443	0.5397000834290033	0.013973544734806349
mt_mlp_benchmark_random_sets_random1-mtproteinimportrep0_fold_2	0.0007747065984884715	8313.098360655738	0.5428233230413795	0.018519831970701228
mt_mlp_benchmark_random_sets_random1-mtproteinimportrep0_fold_3	0.00035091790155395276	8369.852459016394	0.5485278702785958	0.015892246707023654
mt_mlp_benchmark_random_sets_random1-mtproteinimportrep1_fold_0	0.0002759933812312466	9033.40322580645	0.5126184514165071	0.014807920365609128
mt_mlp_benchmark_random_sets_random1-mtproteinimportrep1_fold_1	0.0007759567252250559	8661.180327868853	0.5260198660857536	0.01804243408235383
mt_mlp_benchmark_random_sets_random1-mtproteinimportrep1_fold_2	0.000929564129331993	8086.229508196721	0.5624719229315669	0.022615784809489375
mt_mlp_benchmark_random_sets_random1-mtproteinimportrep1_fold_3	0.0004347130971486682	9175.0	0.49690884846583333	0.014282400156900042
mt_mlp_benchmark_random_sets_random1-mtproteinimportrep2_fold_0	0.0003364432171433991	9429.387096774193	0.4923721145550576	0.01364025546806194
mt_mlp_benchmark_random_sets_random1-mtproteinimportrep2_fold_1	0.00048559517093222385	8599.16393442623	0.5293605915615486	0.016462223885894068
mt_mlp_benchmark_random_sets_random1-mtproteinimportrep2_fold_2	0.0005187470903938155	8728.540983606557	0.5301093133864332	0.018327186788472165
mt_mlp_benchmark_random_sets_random1-mtproteinimportrep2_fold_3	0.00020885836407300636	9002.409836065573	0.504998609516611	0.013016394448389233
mt_mlp_benchmark_random_sets_random1-mtproteinimportrep3_fold_0	0.0003649014572802113	9519.306451612903	0.4798132833926029	0.013950951538748136
mt_mlp_benchmark_random_sets_random1-mtproteinimportrep3_fold_1	0.0007133911527106611	8320.590163934427	0.5402384500745157	0.01961356962787198
mt_mlp_benchmark_random_sets_random1-mtproteinimportrep3_fold_2	0.000991164930979491	8541.442622950819	0.538997711050421	0.020823405560270434
mt_mlp_benchmark_random_sets_random1-mtproteinimportrep3_fold_3	0.0003033799513916816	9161.688524590163	0.497671831658811	0.013233235432621015
mt_mlp_benchmark_random_sets_random2-mtproteinimportrep0_fold_0	0.00029086993475250177	9040.065573770491	0.5141851935025077	0.013445808816631731
mt_mlp_benchmark_random_sets_random2-mtproteinimportrep0_fold_1	0.00036532820917295565	8797.491803278688	0.5136540730522317	0.014908821466834235
mt_mlp_benchmark_random_sets_random2-mtproteinimportrep0_fold_2	0.000415974982233641	8386.0	0.5488791219759107	0.01658990940768064
mt_mlp_benchmark_random_sets_random2-mtproteinimportrep0_fold_3	0.0007121932308337464	7790.7	0.5727743946643469	0.016556071244428823
mt_mlp_benchmark_random_sets_random2-mtproteinimportrep1_fold_0	0.0002365703730945278	8737.16393442623	0.524426193862529	0.014025309440963113
mt_mlp_benchmark_random_sets_random2-mtproteinimportrep1_fold_1	0.0004721387605334628	9009.04918032787	0.5068635733356147	0.015296619048802366
mt_mlp_benchmark_random_sets_random2-mtproteinimportrep1_fold_2	0.0003056309596435633	8311.77049180328	0.5474033913288349	0.015473668786549911
mt_mlp_benchmark_random_sets_random2-mtproteinimportrep1_fold_3	0.0011420437811565031	7723.2	0.5740611860229086	0.018633994049357068
mt_mlp_benchmark_random_sets_random2-mtproteinimportrep2_fold_0	0.00047462113129096534	8126.262295081967	0.5583893861459547	0.017502359796348683
mt_mlp_benchmark_random_sets_random2-mtproteinimportrep2_fold_1	0.0003305581551005536	8764.983606557376	0.5190722145584037	0.014579852458896488
mt_mlp_benchmark_random_sets_random2-mtproteinimportrep2_fold_2	0.00044509941130785243	8358.590163934427	0.5475459740000499	0.01742841307013416
mt_mlp_benchmark_random_sets_random2-mtproteinimportrep2_fold_3	0.0004195386781310104	8119.7	0.5542880962737422	0.015148863140386005
mt_mlp_benchmark_random_sets_random2-mtproteinimportrep3_fold_0	0.0005882478859370769	8746.491803278688	0.5288426921034153	0.01607923972203476
mt_mlp_benchmark_random_sets_random2-mtproteinimportrep3_fold_1	0.00020830451333179306	8811.688524590163	0.5121177447698894	0.013359995295129646
mt_mlp_benchmark_random_sets_random2-mtproteinimportrep3_fold_2	0.002302527129356641	8135.983606557377	0.5615226403459055	0.02848014444565739
mt_mlp_benchmark_random_sets_random2-mtproteinimportrep3_fold_3	0.0003509201844746822	8481.416666666666	0.5435551689140206	0.015595951459655116
mt_mlp_benchmark_random_sets_original-mtsignalingrep0_fold_0	0.0021689929051115623	3520.235294117647	0.8109180131962013	0.041017385862549986
mt_mlp_benchmark_random_sets_original-mtsignalingrep0_fold_1	0.0020938678766365465	4066.060606060606	0.7841777044111675	0.03672067834060101
mt_mlp_benchmark_random_sets_original-mtsignalingrep0_fold_2	0.0010541221738962184	5433.454545454545	0.7112172306724835	0.021719078272347966
mt_mlp_benchmark_random_sets_original-mtsignalingrep0_fold_3	0.0021803646576227754	4796.515151515152	0.7370069043220794	0.025891789221154152
mt_mlp_benchmark_random_sets_original-mtsignalingrep1_fold_0	0.003949054441750352	3565.3529411764707	0.8092398835479729	0.05826416739208195
mt_mlp_benchmark_random_sets_original-mtsignalingrep1_fold_1	0.0018790412592127393	4035.6969696969695	0.7848458646124016	0.03342103489021922
mt_mlp_benchmark_random_sets_original-mtsignalingrep1_fold_2	0.001201522803599696	5576.363636363636	0.7022560232676964	0.021762832550214883
mt_mlp_benchmark_random_sets_original-mtsignalingrep1_fold_3	0.0026334670408815733	5302.454545454545	0.7146431893513605	0.027057399208743848
mt_mlp_benchmark_random_sets_original-mtsignalingrep2_fold_0	0.0030204700547038586	3504.029411764706	0.8123228111214229	0.05625478384858685
mt_mlp_benchmark_random_sets_original-mtsignalingrep2_fold_1	0.0017075735255003962	4015.6363636363635	0.7857825990121711	0.03468483241687684
mt_mlp_benchmark_random_sets_original-mtsignalingrep2_fold_2	0.0025050842073040566	5739.121212121212	0.6934389288474891	0.03389866184544515
mt_mlp_benchmark_random_sets_original-mtsignalingrep2_fold_3	0.0016342592814161576	5084.0	0.7218226362195233	0.024466487398710025
mt_mlp_benchmark_random_sets_original-mtsignalingrep3_fold_0	0.0024683299449765246	3347.764705882353	0.8196264890222352	0.04621336092859146
mt_mlp_benchmark_random_sets_original-mtsignalingrep3_fold_1	0.00294614356400659	3939.090909090909	0.7882259691598213	0.04748890126962106
mt_mlp_benchmark_random_sets_original-mtsignalingrep3_fold_2	0.0009615902168561828	5879.909090909091	0.6852441404970587	0.01907347482811788
mt_mlp_benchmark_random_sets_original-mtsignalingrep3_fold_3	0.00225656025272503	5070.939393939394	0.7233685755086534	0.023425375970773158
mt_mlp_benchmark_random_sets_random0-mtsignalingrep0_fold_0	0.00024224561597987947	7946.181818181818	0.5750502649141076	0.008587829262885397
mt_mlp_benchmark_random_sets_random0-mtsignalingrep0_fold_1	0.00034656680138365033	9518.09090909091	0.48775631831607624	0.008438652280128195
mt_mlp_benchmark_random_sets_random0-mtsignalingrep0_fold_2	0.00043341661511587474	8095.878787878788	0.5623288658308113	0.010445837362474843
mt_mlp_benchmark_random_sets_random0-mtsignalingrep0_fold_3	0.00025930977184324215	8129.181818181818	0.5591256272190125	0.008845193906809209
mt_mlp_benchmark_random_sets_random0-mtsignalingrep1_fold_0	0.0001985614543623048	8154.060606060606	0.5631176690178203	0.008213622948131728
mt_mlp_benchmark_random_sets_random0-mtsignalingrep1_fold_1	0.0033355102139380442	8767.90909090909	0.5227223608464153	0.01876456426186255
mt_mlp_benchmark_random_sets_random0-mtsignalingrep1_fold_2	0.0003844038862632957	7996.545454545455	0.5691938843689817	0.009892495549245182
mt_mlp_benchmark_random_sets_random0-mtsignalingrep1_fold_3	0.0006255210234092756	8070.545454545455	0.5615362444156218	0.011244781444555112
mt_mlp_benchmark_random_sets_random0-mtsignalingrep2_fold_0	0.00020338170288724893	7701.666666666667	0.5916655205611333	0.009245808986748327
mt_mlp_benchmark_random_sets_random0-mtsignalingrep2_fold_1	0.0002904646949473858	8343.030303030304	0.55117197477258	0.008608388993801414
mt_mlp_benchmark_random_sets_random0-mtsignalingrep2_fold_2	0.0003002105101955162	7975.69696969697	0.5648115395197107	0.008849614224581012
mt_mlp_benchmark_random_sets_random0-mtsignalingrep2_fold_3	0.00046596352230254796	8199.09090909091	0.5579006668500832	0.010365390481396543
mt_mlp_benchmark_random_sets_random0-mtsignalingrep3_fold_0	0.00019888673676683624	8386.454545454546	0.5548460616539286	0.008070093813024514
mt_mlp_benchmark_random_sets_random0-mtsignalingrep3_fold_1	0.0002520270450043482	9261.242424242424	0.49316593643371254	0.007247913097098307
mt_mlp_benchmark_random_sets_random0-mtsignalingrep3_fold_2	0.0004416973258889716	7563.121212121212	0.5883216077768607	0.010739127811334983
mt_mlp_benchmark_random_sets_random0-mtsignalingrep3_fold_3	0.0005974815759813857	8430.0	0.5394214518728138	0.009869486495413646
mt_mlp_benchmark_random_sets_random1-mtsignalingrep0_fold_0	0.00018495620897277993	8249.470588235294	0.5555880445975667	0.00846914660833591
mt_mlp_benchmark_random_sets_random1-mtsignalingrep0_fold_1	0.0008119479667014734	8478.666666666666	0.5424871280902409	0.011227697006522694
mt_mlp_benchmark_random_sets_random1-mtsignalingrep0_fold_2	0.0002495169958994765	8069.0	0.5630559813439191	0.00853209555399944
mt_mlp_benchmark_random_sets_random1-mtsignalingrep0_fold_3	0.0005186380350097425	8278.636363636364	0.5603178346369008	0.010105418421718523
mt_mlp_benchmark_random_sets_random1-mtsignalingrep1_fold_0	0.00018232902324383802	8640.441176470587	0.5330032164151591	0.007979852962034989
mt_mlp_benchmark_random_sets_random1-mtsignalingrep1_fold_1	0.0006429614594467498	8217.212121212122	0.557081843074061	0.010278111320605143
mt_mlp_benchmark_random_sets_random1-mtsignalingrep1_fold_2	0.00028763624492745876	8118.0	0.565446946769904	0.008717250346343096
mt_mlp_benchmark_random_sets_random1-mtsignalingrep1_fold_3	0.00046082177586479584	7935.909090909091	0.577460729211702	0.010057055178086737
mt_mlp_benchmark_random_sets_random1-mtsignalingrep2_fold_0	0.0002410433530252904	8632.558823529413	0.535431419163732	0.008196898856114921
mt_mlp_benchmark_random_sets_random1-mtsignalingrep2_fold_1	0.0004720733898854223	7251.787878787879	0.6081436937468065	0.010433189381174195
mt_mlp_benchmark_random_sets_random1-mtsignalingrep2_fold_2	0.00026990944902412255	8105.909090909091	0.5625057317664321	0.008671114311073404
mt_mlp_benchmark_random_sets_random1-mtsignalingrep2_fold_3	0.0005189911111802093	8227.848484848484	0.5602981828662763	0.011108591197798383
mt_mlp_benchmark_random_sets_random1-mtsignalingrep3_fold_0	0.0016366993519132311	8521.64705882353	0.5392199239756417	0.013574932564493618
mt_mlp_benchmark_random_sets_random1-mtsignalingrep3_fold_1	0.0007012093605117691	8246.69696969697	0.5553655884395183	0.010519572862917534
mt_mlp_benchmark_random_sets_random1-mtsignalingrep3_fold_2	0.00031854567434707004	8211.060606060606	0.5559485909680462	0.009445001579385739
mt_mlp_benchmark_random_sets_random1-mtsignalingrep3_fold_3	0.0006859848785370836	7908.363636363636	0.5803102359522593	0.011791475849698415
mt_mlp_benchmark_random_sets_random2-mtsignalingrep0_fold_0	0.0009446682960816532	8039.727272727273	0.5595680164515263	0.011249031534856464
mt_mlp_benchmark_random_sets_random2-mtsignalingrep0_fold_1	0.000329586193570053	7875.545454545455	0.569555507528276	0.009455944231976564
mt_mlp_benchmark_random_sets_random2-mtsignalingrep0_fold_2	0.00039763630165182845	8013.333333333333	0.5614969408743727	0.009969086542210868
mt_mlp_benchmark_random_sets_random2-mtsignalingrep0_fold_3	0.00044863369639801926	8945.757575757576	0.520123413119522	0.009778896668069699
mt_mlp_benchmark_random_sets_random2-mtsignalingrep1_fold_0	0.0005171514646527122	8140.848484848485	0.5555533724973967	0.009204336928419491
mt_mlp_benchmark_random_sets_random2-mtsignalingrep1_fold_1	0.0003561164644592111	8437.212121212122	0.5435749323797735	0.009090079053048192
mt_mlp_benchmark_random_sets_random2-mtsignalingrep1_fold_2	0.00026548561714449136	8035.939393939394	0.5618244703847817	0.008729382478011489
mt_mlp_benchmark_random_sets_random2-mtsignalingrep1_fold_3	0.0004980996672005562	8237.818181818182	0.5536689855756004	0.011287153131665293
mt_mlp_benchmark_random_sets_random2-mtsignalingrep2_fold_0	0.002007952545452069	7937.363636363636	0.5694572699111277	0.020556565924700107
mt_mlp_benchmark_random_sets_random2-mtsignalingrep2_fold_1	0.0006602279099866264	7386.212121212121	0.5982015966887374	0.012435387083243581
mt_mlp_benchmark_random_sets_random2-mtsignalingrep2_fold_2	0.00041466983261751925	8037.848484848485	0.5609597924773022	0.009557354011034263
mt_mlp_benchmark_random_sets_random2-mtsignalingrep2_fold_3	0.00043703359093144	8680.515151515152	0.5352225235493718	0.009162617294270887
mt_mlp_benchmark_random_sets_random2-mtsignalingrep3_fold_0	0.0005177020516829718	7998.575757575758	0.5636088571035621	0.010492543436061319
mt_mlp_benchmark_random_sets_random2-mtsignalingrep3_fold_1	0.00046932488402397704	7028.545454545455	0.6182093247146196	0.01405905883554838
mt_mlp_benchmark_random_sets_random2-mtsignalingrep3_fold_2	0.0003141315618470218	8293.424242424242	0.5512125142475337	0.008632956770865756
mt_mlp_benchmark_random_sets_random2-mtsignalingrep3_fold_3	0.0013240706022300396	8514.181818181818	0.539801386104888	0.014814453218088417
mt_mlp_benchmark_random_sets_original-mtsmolsrep0_fold_0	0.0055032037156769725	5581.923076923077	0.6977595220313668	0.026055387650054117
mt_mlp_benchmark_random_sets_original-mtsmolsrep0_fold_1	0.0007305768387681851	6766.2	0.6381355200690548	0.011231482769923017
mt_mlp_benchmark_random_sets_original-mtsmolsrep0_fold_2	0.00040946820258993313	5365.56	0.710841605524385	0.011015405613314896
mt_mlp_benchmark_random_sets_original-mtsmolsrep0_fold_3	0.0007098754833602923	5188.2	0.7233577902460077	0.014001370225841019
mt_mlp_benchmark_random_sets_original-mtsmolsrep1_fold_0	0.0010691897944504873	5007.576923076923	0.7265455148950295	0.019408263891793447
mt_mlp_benchmark_random_sets_original-mtsmolsrep1_fold_1	0.001268158072571454	6444.12	0.652412602503237	0.0190256285540226
mt_mlp_benchmark_random_sets_original-mtsmolsrep1_fold_2	0.0003737946179322406	5673.08	0.6915321536469572	0.010481351864112129
mt_mlp_benchmark_random_sets_original-mtsmolsrep1_fold_3	0.0006909467865380051	5247.8	0.7211048769961158	0.01420830788300218
mt_mlp_benchmark_random_sets_original-mtsmolsrep2_fold_0	0.0008969231824061724	5204.692307692308	0.7174757281553398	0.01959402897073495
mt_mlp_benchmark_random_sets_original-mtsmolsrep2_fold_1	0.0009385785030848059	7272.72	0.6107552870090635	0.010515374419934904
mt_mlp_benchmark_random_sets_original-mtsmolsrep2_fold_2	0.0005353693763499702	5659.48	0.6964177816141564	0.011793136233771812
mt_mlp_benchmark_random_sets_original-mtsmolsrep2_fold_3	0.000854911492019489	5009.16	0.732921881743634	0.015757535809337905
mt_mlp_benchmark_random_sets_original-mtsmolsrep3_fold_0	0.003085053821295756	5401.7692307692305	0.7066052609741931	0.02303030713259347
mt_mlp_benchmark_random_sets_original-mtsmolsrep3_fold_1	0.0018773389784914323	6798.76	0.6319292188174364	0.02277601455974975
mt_mlp_benchmark_random_sets_original-mtsmolsrep3_fold_2	0.0004538796207486355	5683.44	0.6932757876564524	0.010865107405722798
mt_mlp_benchmark_random_sets_original-mtsmolsrep3_fold_3	0.0008151146440275045	4635.96	0.7545187742770825	0.016272498901428383
mt_mlp_benchmark_random_sets_random0-mtsmolsrep0_fold_0	0.0004210324992625495	8883.961538461539	0.522504356484939	0.007095699324539595
mt_mlp_benchmark_random_sets_random0-mtsmolsrep0_fold_1	0.001003236642299354	6461.52	0.6508502373759172	0.01167298410809229
mt_mlp_benchmark_random_sets_random0-mtsmolsrep0_fold_2	0.000571364658979372	8410.6	0.5435908502373759	0.008014168988324289
mt_mlp_benchmark_random_sets_random0-mtsmolsrep0_fold_3	0.0002652227230720149	7611.64	0.5856452309020286	0.006856198848188148
mt_mlp_benchmark_random_sets_random0-mtsmolsrep1_fold_0	0.00021209288653984426	9410.961538461539	0.49325367189444863	0.005800940733477336
mt_mlp_benchmark_random_sets_random0-mtsmolsrep1_fold_1	0.00027948502062817587	7040.32	0.6193612429866207	0.007863789149759902
mt_mlp_benchmark_random_sets_random0-mtsmolsrep1_fold_2	0.0005405624200737818	8954.0	0.5148467846353042	0.007960729655691381
mt_mlp_benchmark_random_sets_random0-mtsmolsrep1_fold_3	0.0007665403421278394	7545.52	0.5921191195511437	0.010812127638815647
mt_mlp_benchmark_random_sets_random0-mtsmolsrep2_fold_0	0.0003292349383837137	8598.807692307691	0.5407849970956767	0.006977744717564339
mt_mlp_benchmark_random_sets_random0-mtsmolsrep2_fold_1	0.00047200052485083313	6189.32	0.6661372464393612	0.010407527732865459
mt_mlp_benchmark_random_sets_random0-mtsmolsrep2_fold_2	0.0003165253486668727	7687.92	0.5896158826068192	0.00742951908348455
mt_mlp_benchmark_random_sets_random0-mtsmolsrep2_fold_3	0.000364291748763123	7434.24	0.5982908933966335	0.008224776659775657
mt_mlp_benchmark_random_sets_random0-mtsmolsrep3_fold_0	0.00019058221399020553	9173.884615384615	0.5093519210024064	0.0057066495718490024
mt_mlp_benchmark_random_sets_random0-mtsmolsrep3_fold_1	0.0004058055917663479	7086.04	0.6162192490289167	0.009033062849814059
mt_mlp_benchmark_random_sets_random0-mtsmolsrep3_fold_2	0.00034053553870425177	8574.88	0.5383254208027622	0.0070903062760501595
mt_mlp_benchmark_random_sets_random0-mtsmolsrep3_fold_3	0.0004261286315340386	7149.92	0.6111868795856711	0.007941285656110629
mt_mlp_benchmark_random_sets_random1-mtsmolsrep0_fold_0	0.0007911960976646989	6352.807692307692	0.6572400630653057	0.013274056833655817
mt_mlp_benchmark_random_sets_random1-mtsmolsrep0_fold_1	0.0002862191154844823	7266.84	0.6064652567975831	0.007390819236425877
mt_mlp_benchmark_random_sets_random1-mtsmolsrep0_fold_2	0.0003574938047645027	7943.8	0.572300388433319	0.007726249262528122
mt_mlp_benchmark_random_sets_random1-mtsmolsrep0_fold_3	0.0004320354133377135	9381.52	0.49488131204143293	0.00797164577911039
mt_mlp_benchmark_random_sets_random1-mtsmolsrep1_fold_0	0.0006457717579670154	6413.192307692308	0.6581445523193096	0.011163159293722207
mt_mlp_benchmark_random_sets_random1-mtsmolsrep1_fold_1	0.00035914937055303873	8242.28	0.5576262408286577	0.0068492705165260626
mt_mlp_benchmark_random_sets_random1-mtsmolsrep1_fold_2	0.0003982158854867559	8016.32	0.5690720759602935	0.007964621356493467
mt_mlp_benchmark_random_sets_random1-mtsmolsrep1_fold_3	0.0003836105328062148	9110.56	0.5102891670263271	0.007028975041407894
mt_mlp_benchmark_random_sets_random1-mtsmolsrep2_fold_0	0.0005391013533478063	6188.576923076923	0.6661770807401874	0.011040637911588042
mt_mlp_benchmark_random_sets_random1-mtsmolsrep2_fold_1	0.0003424833000343298	8308.88	0.557358653431161	0.0068575568347956474
mt_mlp_benchmark_random_sets_random1-mtsmolsrep2_fold_2	0.0005626611296750962	7348.76	0.6066119982736298	0.009716801528382646
mt_mlp_benchmark_random_sets_random1-mtsmolsrep2_fold_3	0.0006377260345384029	8589.28	0.5340785498489427	0.009520142218338325
mt_mlp_benchmark_random_sets_random1-mtsmolsrep3_fold_0	0.00038837992176553017	6353.615384615385	0.6580366774541532	0.009714930646122867
mt_mlp_benchmark_random_sets_random1-mtsmolsrep3_fold_1	0.00025462747155872317	7772.16	0.5748640483383687	0.006727021837358054
mt_mlp_benchmark_random_sets_random1-mtsmolsrep3_fold_2	0.00033346528732087084	8509.12	0.5421061717738455	0.007095883621401632
mt_mlp_benchmark_random_sets_random1-mtsmolsrep3_fold_3	0.0005171655495534947	8590.28	0.5379887785930082	0.00801844471084741
mt_mlp_benchmark_random_sets_random2-mtsmolsrep0_fold_0	0.0002927436817980219	8723.615384615385	0.5243133349929466	0.006587093657483887
mt_mlp_benchmark_random_sets_random2-mtsmolsrep0_fold_1	0.0004489963597459989	8094.48	0.5673888649115236	0.007649118638974489
mt_mlp_benchmark_random_sets_random2-mtsmolsrep0_fold_2	0.00037569980461678353	8544.68	0.534605092792404	0.0075722622700848605
mt_mlp_benchmark_random_sets_random2-mtsmolsrep0_fold_3	0.0003196024509738349	9782.4	0.47134225291324994	0.006229821719479887
mt_mlp_benchmark_random_sets_random2-mtsmolsrep1_fold_0	0.00019315354832696565	9329.76923076923	0.4968550327773629	0.0057558151399892754
mt_mlp_benchmark_random_sets_random2-mtsmolsrep1_fold_1	0.0002080602672816294	9632.4	0.4858696590418645	0.005584616958040012
mt_mlp_benchmark_random_sets_random2-mtsmolsrep1_fold_2	0.0003294736940153041	9359.64	0.48949503668536903	0.00634746436089326
mt_mlp_benchmark_random_sets_random2-mtsmolsrep1_fold_3	0.0002660994462866814	10403.92	0.4368493741907639	0.0055171185482138126
mt_mlp_benchmark_random_sets_random2-mtsmolsrep2_fold_0	0.00021176326000316265	8455.846153846154	0.5448344535723176	0.0064254374562987444
mt_mlp_benchmark_random_sets_random2-mtsmolsrep2_fold_1	0.0007462152339318981	7760.04	0.5841001294777729	0.009576331251263894
mt_mlp_benchmark_random_sets_random2-mtsmolsrep2_fold_2	0.0004681820590111236	9591.44	0.48466119982736294	0.006707206553378022
mt_mlp_benchmark_random_sets_random2-mtsmolsrep2_fold_3	0.00031169406944635204	9755.64	0.4727837721191196	0.006238929826409629
mt_mlp_benchmark_random_sets_random2-mtsmolsrep3_fold_0	0.00021049363279472655	8711.384615384615	0.5286947141316074	0.006317527302835737
mt_mlp_benchmark_random_sets_random2-mtsmolsrep3_fold_1	0.0003015873721287275	8327.4	0.5554855416486837	0.007119965211673752
mt_mlp_benchmark_random_sets_random2-mtsmolsrep3_fold_2	0.00017255192729011043	9856.48	0.4718774277082435	0.005129793844589448
mt_mlp_benchmark_random_sets_random2-mtsmolsrep3_fold_3	0.0002262485175735698	9974.76	0.46075097108329743	0.005408140787305603
